Harvester of Sorrow,20170703200000GMT,1,1.1
33.325502,-111.953069,,
0,solid,0,
0.41,solid,fff,
0.88,solid,f00,-0.47
1.36,solid,fff,-0.48
1.704,fade,F00-000,-0.344
2.976,solid,fff,-1.272
3.446,solid,f00,-0.47
3.494,solid,fff,-0.048
3.838,fade,F00-000,-0.344
11.103,fade,000-0f0,-7.265
,,,11.103
,,,0
,,,0
,,,0
,,,0
